Fine-tuned Model,Baseline,Language,FT Accuracy,Baseline Accuracy,Improvement,P-value,Significant (α=0.05),Chi-squared
XLM-R-Multilingual,ZeroShot_base_trigger_non-trigger,Arabic,0.843263061411549,0.5219981668194317,0.3212648945921174,1.2270644016407384e-110,Yes,499.4903160040775
XLM-R-Arabic,ZeroShot_base_trigger_non-trigger,Arabic,0.7098991750687442,0.5219981668194317,0.18790100824931255,6.0470945072572076e-40,Yes,174.98012552301256
XLM-R-English,ZeroShot_base_trigger_non-trigger,Arabic,0.6544454628780935,0.5219981668194317,0.1324472960586618,7.731329607025713e-23,Yes,96.78413068844807
XLM-R-Multilingual,ZeroShot_base_trigger_non-trigger,English,0.846012832263978,0.4977085242896425,0.34830430797433554,2.471804120656481e-111,Yes,502.68848167539267
XLM-R-Arabic,ZeroShot_base_trigger_non-trigger,English,0.6755270394133822,0.4977085242896425,0.1778185151237397,4.768960350807302e-24,Yes,102.30122950819673
XLM-R-English,ZeroShot_base_trigger_non-trigger,English,0.7176901924839597,0.4977085242896425,0.2199816681943172,4.502299866007902e-43,Yes,189.30775577557756
