Model,Language,Accuracy,Precision,Recall,F1
GPT-4o-mini,Arabic,0.5568285976168652,0.5396419437340153,0.773602199816682,0.6357815442561205
GPT-4o-mini,English,0.5600366636113657,0.5507358636715725,0.6516956920256646,0.5969773299748111
Claude-Haiku-4.5,Arabic,0.5765352887259395,0.5684987694831829,0.6351970669110908,0.6
Claude-Haiku-4.5,English,0.5838680109990834,0.5759336099585062,0.6361136571952337,0.6045296167247387
