{
  "model_name": "llama-3b-instruct-arabic",
  "timestamp": "20260110_091937",
  "dataset_info": {
    "total_samples": 2182,
    "class_0_samples": 1091,
    "class_1_samples": 1091
  },
  "metrics": {
    "accuracy": 0.7447296058661779,
    "precision": 0.7142857142857143,
    "recall": 0.8157653528872594,
    "f1_score": 0.7616602481814292
  },
  "confusion_matrix": {
    "true_negative": 735,
    "false_positive": 356,
    "false_negative": 201,
    "true_positive": 890
  },
  "per_class_metrics": {
    "class_0": {
      "precision": 0.7852564102564102,
      "recall": 0.6736938588450962,
      "f1_score": 0.7252096694622595
    },
    "class_1": {
      "precision": 0.7142857142857143,
      "recall": 0.8157653528872594,
      "f1_score": 0.7616602481814292
    }
  },
  "confidence_analysis": {
    "avg_confidence_correct": 0.7593979769486647,
    "avg_confidence_incorrect": 0.6914553694172865
  }
}