{
  "model_name": "llama-3b-instruct-arabic",
  "timestamp": "20260202_110950",
  "dataset_info": {
    "total_samples": 2182,
    "class_0_samples": 1091,
    "class_1_samples": 1091
  },
  "metrics": {
    "accuracy": 0.5022914757103575,
    "precision": 0.5012260912211869,
    "recall": 0.9367552703941339,
    "f1_score": 0.6530351437699681
  },
  "confusion_matrix": {
    "true_negative": 74,
    "false_positive": 1017,
    "false_negative": 69,
    "true_positive": 1022
  },
  "per_class_metrics": {
    "class_0": {
      "precision": 0.5174825174825175,
      "recall": 0.06782768102658111,
      "f1_score": 0.11993517017828201
    },
    "class_1": {
      "precision": 0.5012260912211869,
      "recall": 0.9367552703941339,
      "f1_score": 0.6530351437699681
    }
  },
  "confidence_analysis": {
    "avg_confidence_correct": 0.7294104589543638,
    "avg_confidence_incorrect": 0.7130313688275125
  }
}